<keymap version="1" name="Default copy" parent="Mac OS X 10.5+">
  <action id="ActivateTerminalToolWindow">
    <keyboard-shortcut first-keystroke="ctrl meta t" />
  </action>
  <action id="FindInPath" />
  <action id="ReformatWithPrettierAction">
    <keyboard-shortcut first-keystroke="shift meta p" />
  </action>
  <action id="RerunFailedTests">
    <keyboard-shortcut first-keystroke="s" />
    <keyboard-shortcut first-keystroke="shift meta f" />
  </action>
  <action id="RerunTests">
    <keyboard-shortcut first-keystroke="ctrl meta r" />
  </action>
</keymap>