<application>
  <component name="VimSettings">
    <state version="4" enabled="true" />
    <globalmarks />
    <filemarks>
      <file name="$USER_HOME$/Developer/summer/server/src/models/idrForm.js" timestamp="1555016925719">
        <mark key="[" line="182" column="8" />
        <mark key="]" line="185" column="24" />
        <mark key="." line="185" column="24" />
        <mark key="^" line="185" column="24" />
      </file>
      <file name="$USER_HOME$/Developer/summer/server/src/python/main.py" timestamp="1557248768986">
        <mark key="'" line="6" column="26" />
        <mark key="[" line="57" column="38" />
        <mark key="]" line="57" column="51" />
        <mark key="." line="57" column="51" />
        <mark key="^" line="57" column="51" />
      </file>
      <file name="$USER_HOME$/Developer/summer/server/__tests__/matchers/schema.js" timestamp="1555954960765">
        <mark key="[" line="0" column="0" />
        <mark key="]" line="0" column="0" />
        <mark key="." line="0" column="0" />
      </file>
      <file name="$USER_HOME$/Developer/summer/server/src/db/migrations/20190430145831-rename-revised-as-you-earn.js" timestamp="1556636345713">
        <mark key="[" line="5" column="61" />
      </file>
      <file name="$USER_HOME$/Developer/summer/server/src/db/migrations/20190424151334-create-table-for-utm-params.js" timestamp="1556120980930">
        <mark key="[" line="22" column="32" />
        <mark key="]" line="57" column="5" />
        <mark key="." line="57" column="5" />
        <mark key="^" line="57" column="5" />
      </file>
      <file name="$USER_HOME$/Developer/summer/server/__tests__/helpers/NSLDSfiles/user3.csv" timestamp="1554319724721">
        <mark key="[" line="92" column="0" />
        <mark key="]" line="92" column="0" />
        <mark key="^" line="78" column="40" />
        <mark key="." line="92" column="0" />
      </file>
      <file name="$USER_HOME$/Developer/summer/server/src/db/migrations/20190423142623-change-repayment-plan-name.js" timestamp="1556641031189">
        <mark key="[" line="5" column="73" />
        <mark key="]" line="11" column="66" />
        <mark key="." line="11" column="66" />
        <mark key="^" line="11" column="66" />
      </file>
      <file name="$USER_HOME$/Developer/summer/server/src/routes/sync.js" timestamp="1555442490997">
        <mark key="[" line="73" column="0" />
        <mark key="]" line="73" column="0" />
        <mark key="." line="73" column="0" />
      </file>
      <file name="$USER_HOME$/Developer/summer/server/src/schemas/validation.js" timestamp="1556125459957">
        <mark key="[" line="30" column="0" />
        <mark key="]" line="30" column="0" />
        <mark key="." line="30" column="0" />
      </file>
      <file name="$USER_HOME$/Developer/summer/server/Dockerfile" timestamp="1556832895927">
        <mark key="[" line="0" column="12" />
        <mark key="]" line="18" column="0" />
        <mark key="." line="18" column="0" />
        <mark key="^" line="18" column="0" />
      </file>
      <file name="$USER_HOME$/Developer/summer/server/src/routes/files.js" timestamp="1555437596693">
        <mark key="[" line="84" column="50" />
        <mark key="]" line="18" column="3" />
        <mark key="." line="18" column="3" />
        <mark key="^" line="18" column="3" />
      </file>
      <file name="$USER_HOME$/Developer/summer/server/src/utils/loan.ts" timestamp="1556641213035">
        <mark key="[" line="64" column="11" />
        <mark key="]" line="61" column="0" />
        <mark key="^" line="61" column="0" />
        <mark key="." line="61" column="0" />
      </file>
      <file name="$USER_HOME$/Developer/summer/server/__tests__/fixtures/demoUsers.js" timestamp="1556657615374">
        <mark key="[" line="148" column="2" />
      </file>
      <file name="$USER_HOME$/Developer/summer/server/src/utils/idr/plan.js" timestamp="1557863395866">
        <mark key="'" line="74" column="46" />
        <mark key="]" line="68" column="0" />
        <mark key="." line="68" column="0" />
        <mark key="^" line="68" column="0" />
      </file>
      <file name="$USER_HOME$/Developer/summer/server/src/config/server.js" timestamp="1556909753601">
        <mark key="]" line="20" column="0" />
        <mark key="." line="20" column="0" />
      </file>
      <file name="$USER_HOME$/Developer/summer/server/__tests__/helpers/hellosign.js" timestamp="1555598448459">
        <mark key="[" line="25" column="72" />
        <mark key="]" line="25" column="72" />
        <mark key="." line="25" column="72" />
        <mark key="^" line="14" column="18" />
      </file>
      <file name="$USER_HOME$/Developer/summer/server/__tests__/unit/IDR.js" timestamp="1557253049642">
        <mark key="[" line="977" column="18" />
        <mark key="]" line="72" column="0" />
        <mark key="." line="72" column="0" />
      </file>
      <file name="$USER_HOME$/Developer/summer/server/__tests__/integration/IDR.js" timestamp="1557252846488">
        <mark key="^" line="292" column="3" />
      </file>
      <file name="$USER_HOME$/Developer/summer/server/__tests__/integration/onboarding.js" timestamp="1555426849344">
        <mark key="[" line="54" column="0" />
        <mark key="]" line="54" column="0" />
        <mark key="." line="54" column="0" />
      </file>
      <file name="$USER_HOME$/Developer/summer/server/src/models/loans.js" timestamp="1556659193229">
        <mark key="[" line="116" column="0" />
        <mark key="]" line="116" column="0" />
        <mark key="^" line="106" column="24" />
        <mark key="." line="116" column="0" />
      </file>
      <file name="$USER_HOME$/Developer/summer/server/src/db/index.js" timestamp="1556123611977">
        <mark key="[" line="14" column="47" />
        <mark key="]" line="14" column="52" />
        <mark key="^" line="14" column="52" />
        <mark key="." line="14" column="52" />
      </file>
      <file name="$USER_HOME$/Developer/summer/server/src/routes/loans.ts" timestamp="1554913962512">
        <mark key="[" line="44" column="57" />
        <mark key="]" line="6" column="0" />
        <mark key="^" line="6" column="29" />
        <mark key="." line="6" column="0" />
      </file>
      <file name="$USER_HOME$/Developer/summer/server/src/models/repayment_plan.js" timestamp="1556641177910">
        <mark key="[" line="13" column="7" />
      </file>
      <file name="$USER_HOME$/Developer/summer/server/src/routes/index.js" timestamp="1556650745605">
        <mark key="[" line="170" column="23" />
        <mark key="]" line="170" column="23" />
        <mark key="^" line="225" column="20" />
        <mark key="." line="170" column="23" />
      </file>
      <file name="$USER_HOME$/Developer/summer/server/__tests__/integration/auth.js" timestamp="1556639314511">
        <mark key="[" line="11" column="0" />
        <mark key="]" line="11" column="0" />
        <mark key="^" line="56" column="60" />
        <mark key="." line="11" column="0" />
      </file>
      <file name="$USER_HOME$/Developer/summer/server/src/routes/IDR.js" timestamp="1556124955910">
        <mark key="[" line="158" column="0" />
        <mark key="]" line="158" column="0" />
        <mark key="." line="158" column="0" />
      </file>
      <file name="$USER_HOME$/Developer/summer/server/src/models/utmParams.ts" timestamp="1556127530280">
        <mark key="[" line="0" column="0" />
        <mark key="]" line="0" column="0" />
        <mark key="." line="0" column="0" />
      </file>
      <file name="$USER_HOME$/Developer/summer/server/src/config/hellosign.js" timestamp="1555598408473">
        <mark key="[" line="50" column="0" />
        <mark key="]" line="50" column="0" />
        <mark key="." line="50" column="0" />
      </file>
      <file name="$USER_HOME$/Developer/summer/server/.env" timestamp="1555531271043">
        <mark key="[" line="14" column="62" />
        <mark key="]" line="16" column="55" />
        <mark key="^" line="16" column="55" />
        <mark key="." line="16" column="55" />
      </file>
      <file name="/GraphQL.result.json" timestamp="1558623360440">
        <mark key="[" line="0" column="0" />
      </file>
      <file name="$USER_HOME$/Developer/summer/server/package.json" timestamp="1556829607645">
        <mark key="[" line="5" column="23" />
      </file>
      <file name="$USER_HOME$/Developer/summer/server/src/schemas/loan.js" timestamp="1555608334854">
        <mark key="[" line="1" column="39" />
        <mark key="]" line="2" column="53" />
        <mark key="." line="2" column="53" />
        <mark key="^" line="2" column="53" />
      </file>
      <file name="$USER_HOME$/Developer/summer/server/tsconfig.json" timestamp="1554214849298">
        <mark key="[" line="13" column="0" />
        <mark key="]" line="13" column="0" />
        <mark key="^" line="5" column="5" />
        <mark key="." line="13" column="0" />
      </file>
      <file name="$USER_HOME$/Developer/summer/server/src/utils/user.js" timestamp="1554497075220">
        <mark key="[" line="94" column="13" />
        <mark key="]" line="107" column="0" />
        <mark key="." line="107" column="0" />
        <mark key="^" line="95" column="1" />
      </file>
      <file name="$USER_HOME$/Developer/summer/server/src/python/idr/calculations.py" timestamp="1557247072920">
        <mark key="[" line="74" column="9" />
      </file>
      <file name="$USER_HOME$/Developer/summer/server/__tests__/integration/sync.js" timestamp="1555442452473">
        <mark key="[" line="153" column="33" />
        <mark key="]" line="169" column="37" />
        <mark key="." line="169" column="37" />
      </file>
      <file name="$USER_HOME$/Developer/summer/server/__tests__/helpers/NSLDSfiles/updateLoansFile.csv" timestamp="1554218897012">
        <mark key="[" line="318" column="40" />
        <mark key="]" line="318" column="39" />
        <mark key="." line="318" column="39" />
        <mark key="^" line="318" column="39" />
      </file>
      <file name="$USER_HOME$/Developer/summer/server/src/db/migrations/20190412154519-add-new-repayment-plan-type.js" timestamp="1555084203903">
        <mark key="[" line="8" column="2" />
        <mark key="]" line="8" column="2" />
        <mark key="^" line="8" column="2" />
        <mark key="." line="8" column="2" />
      </file>
      <file name="$USER_HOME$/Developer/summer/server/src/db/migrations/20180706210136-create_table_IDR.js" timestamp="1554579974408">
        <mark key="[" line="95" column="24" />
        <mark key="]" line="96" column="28" />
        <mark key="^" line="96" column="28" />
        <mark key="." line="96" column="28" />
      </file>
      <file name="$USER_HOME$/Developer/summer/server/src/db/migrations/20190430160734-add-type-column-to-repayment-plan-table.js" timestamp="1556808145992">
        <mark key="[" line="6" column="22" />
        <mark key="]" line="7" column="21" />
        <mark key="." line="7" column="21" />
        <mark key="^" line="7" column="21" />
      </file>
      <file name="$USER_HOME$/Developer/summer/server/__tests__/helpers/s3.js" timestamp="1555438299864">
        <mark key="[" line="26" column="0" />
        <mark key="]" line="26" column="0" />
        <mark key="^" line="0" column="14" />
        <mark key="." line="26" column="0" />
      </file>
      <file name="$USER_HOME$/Developer/summer/server/src/python/idr/repayment.py" timestamp="1557248552714">
        <mark key="'" line="15" column="22" />
        <mark key="[" line="3" column="27" />
        <mark key="]" line="3" column="27" />
        <mark key="^" line="3" column="27" />
        <mark key="." line="3" column="27" />
      </file>
      <file name="$USER_HOME$/Developer/summer/client/src/redux/middleware/api.js" timestamp="1556038367605">
        <mark key="[" line="78" column="75" />
        <mark key="]" line="79" column="28" />
        <mark key="^" line="79" column="28" />
        <mark key="." line="79" column="28" />
      </file>
      <file name="$USER_HOME$/Developer/summer/server/src/models/loans_revisions.ts" timestamp="1557513591308">
        <mark key="[" line="121" column="2" />
      </file>
      <file name="$USER_HOME$/Developer/summer/server/.gitignore" timestamp="1556832978987">
        <mark key="[" line="9" column="0" />
        <mark key="]" line="9" column="0" />
        <mark key="." line="9" column="0" />
      </file>
      <file name="$USER_HOME$/Developer/summer/server/__tests__/integration/loans.js" timestamp="1556832573055">
        <mark key="^" line="189" column="3" />
      </file>
      <file name="$USER_HOME$/Developer/summer/server/src/routes/loans.js" timestamp="1556827164024">
        <mark key="[" line="490" column="9" />
        <mark key="]" line="490" column="9" />
        <mark key="^" line="539" column="0" />
        <mark key="." line="490" column="9" />
      </file>
      <file name="$USER_HOME$/Developer/summer/server/__tests__/helpers/user.js" timestamp="1556648708601">
        <mark key="[" line="75" column="3" />
        <mark key="]" line="79" column="0" />
        <mark key="." line="79" column="0" />
      </file>
      <file name="$USER_HOME$/Developer/summer/server/src/routes/auth.js" timestamp="1556127899228">
        <mark key="[" line="164" column="0" />
        <mark key="]" line="164" column="0" />
        <mark key="." line="164" column="0" />
        <mark key="^" line="3" column="6" />
      </file>
    </filemarks>
    <jumps>
      <jump line="169" column="4" filename="$USER_HOME$/Developer/summer/server/src/utils/idr/plan.js" />
      <jump line="187" column="2" filename="$USER_HOME$/Developer/summer/server/src/utils/idr/plan.js" />
      <jump line="52" column="4" filename="$USER_HOME$/Developer/summer/server/__tests__/helpers/IDR.js" />
      <jump line="76" column="24" filename="$USER_HOME$/Developer/summer/server/src/utils/idr/plan.js" />
      <jump line="130" column="6" filename="$USER_HOME$/Developer/summer/server/src/utils/idr/plan.js" />
      <jump line="747" column="8" filename="$USER_HOME$/Developer/summer/server/__tests__/unit/IDR.js" />
      <jump line="18" column="22" filename="$USER_HOME$/Developer/summer/server/src/index.js" />
      <jump line="35" column="13" filename="$USER_HOME$/Developer/summer/server/src/graphql/auth/index.js" />
      <jump line="32" column="11" filename="$USER_HOME$/Developer/ruut/mobile/ruut/screens/MapViewScreen.js" />
      <jump line="131" column="0" filename="$USER_HOME$/Developer/ruut/mobile/ruut/screens/MapViewScreen.js" />
      <jump line="109" column="35" filename="$USER_HOME$/Developer/summer/server/src/routes/index.js" />
      <jump line="256" column="0" filename="$USER_HOME$/Developer/summer/server/src/routes/index.js" />
      <jump line="39" column="8" filename="$USER_HOME$/Developer/summer/server/src/routes/index.js" />
      <jump line="12" column="8" filename="$USER_HOME$/Developer/ruut/mobile/ruut/screens/LinksScreen.js" />
      <jump line="45" column="17" filename="$USER_HOME$/Developer/ruut/mobile/ruut/redux/reducers.js" />
      <jump line="27" column="13" filename="$USER_HOME$/Developer/ruut/mobile/ruut/redux/reducers.js" />
      <jump line="10" column="0" filename="$USER_HOME$/Developer/ruut/mobile/ruut/components/Auth.js" />
      <jump line="125" column="27" filename="$USER_HOME$/Developer/ruut/mobile/ruut/components/Auth.js" />
      <jump line="15" column="0" filename="$USER_HOME$/Developer/ruut/mobile/ruut/data/User.js" />
      <jump line="3" column="15" filename="$USER_HOME$/Developer/ruut/mobile/ruut/components/Utils.js" />
      <jump line="102" column="33" filename="$USER_HOME$/Developer/ruut/mobile/ruut/components/Auth.js" />
      <jump line="17" column="21" filename="$USER_HOME$/Developer/ruut/mobile/ruut/components/Auth.js" />
      <jump line="135" column="0" filename="$USER_HOME$/Developer/ruut/mobile/ruut/components/Auth.js" />
      <jump line="13" column="37" filename="$USER_HOME$/Developer/ruut/mobile/ruut/screens/AddPinScreen.js" />
      <jump line="47" column="24" filename="$USER_HOME$/Developer/ruut/mobile/ruut/screens/AddRouteScreen.js" />
      <jump line="14" column="0" filename="$USER_HOME$/Developer/ruut/mobile/ruut/screens/AddRouteScreen.js" />
      <jump line="9" column="0" filename="$USER_HOME$/Developer/ruut/mobile/ruut/screens/AddRouteScreen.js" />
      <jump line="6" column="25" filename="$USER_HOME$/Developer/ruut/mobile/ruut/screens/LandingScreen.js" />
      <jump line="16" column="37" filename="$USER_HOME$/Developer/summer/server/__tests__/helpers/NSLDSfiles/updateLoansFile.csv" />
      <jump line="74" column="6" filename="$USER_HOME$/Developer/ruut/mobile/ruut/components/Profile.js" />
      <jump line="60" column="26" filename="$USER_HOME$/Developer/ruut/mobile/ruut/components/Profile.js" />
      <jump line="5" column="26" filename="$USER_HOME$/Developer/ruut/mobile/ruut/components/SegmentView.js" />
      <jump line="22" column="18" filename="$USER_HOME$/Developer/ruut/mobile/ruut/components/SegmentView.js" />
      <jump line="20" column="0" filename="$USER_HOME$/Developer/ruut/mobile/ruut/components/SegmentView.js" />
      <jump line="13" column="0" filename="$USER_HOME$/Developer/ruut/mobile/ruut/components/Modal.js" />
      <jump line="21" column="0" filename="$USER_HOME$/Developer/ruut/mobile/ruut/components/Profile.js" />
      <jump line="69" column="33" filename="$USER_HOME$/Developer/ruut/mobile/ruut/components/SegmentView.js" />
      <jump line="158" column="13" filename="$USER_HOME$/Developer/ruut/mobile/ruut/screens/FeedScreen.js" />
      <jump line="163" column="0" filename="$USER_HOME$/Developer/ruut/mobile/ruut/screens/FeedScreen.js" />
      <jump line="10" column="0" filename="$USER_HOME$/Developer/ruut/mobile/ruut/screens/FeedScreen.js" />
      <jump line="39" column="39" filename="$USER_HOME$/Developer/ruut/mobile/ruut/screens/FeedScreen.js" />
      <jump line="112" column="9" filename="$USER_HOME$/Developer/ruut/mobile/ruut/screens/AddFollowingScreen.js" />
      <jump line="21" column="18" filename="$USER_HOME$/Developer/summer/client/src/components/pages/idr/ReviewYourPlan/Header.js" />
      <jump line="47" column="0" filename="$USER_HOME$/Developer/summer/client/src/components/pages/idr/ReviewYourPlan/index.js" />
      <jump line="15" column="17" filename="$USER_HOME$/Developer/summer/client/src/components/shared/AnimatedText.js" />
      <jump line="17" column="56" filename="$USER_HOME$/Developer/summer/client/src/components/pages/idr/ReviewYourPlan/Header.js" />
      <jump line="25" column="33" filename="$USER_HOME$/Developer/summer/server/src/utils/mappings.js" />
      <jump line="4" column="36" filename="$USER_HOME$/Developer/summer/server/__tests__/integration/loans.js" />
      <jump line="212" column="61" filename="$USER_HOME$/Developer/summer/server/src/routes/loans.js" />
      <jump line="2" column="18" filename="$USER_HOME$/Developer/summer/server/src/models/repayment_plan.js" />
      <jump line="3" column="3" filename="$USER_HOME$/Developer/summer/server/src/models/loans_revisions.js" />
      <jump line="3" column="0" filename="$USER_HOME$/Developer/summer/server/src/db/migrations/20190314202931-add-columns-to-loans-revisions.js" />
      <jump line="29" column="0" filename="$USER_HOME$/Developer/summer/server/src/db/migrations/20190314202931-add-columns-to-loans-revisions.js" />
      <jump line="35" column="9" filename="$USER_HOME$/Developer/summer/server/src/routes/index.js" />
      <jump line="25" column="8" filename="$USER_HOME$/Developer/summer/server/__tests__/integration/loans.js" />
      <jump line="212" column="0" filename="$USER_HOME$/Developer/summer/server/__tests__/integration/loans.js" />
      <jump line="113" column="36" filename="$USER_HOME$/Developer/summer/server/__tests__/helpers/user.js" />
      <jump line="224" column="18" filename="$USER_HOME$/Developer/summer/server/src/utils/loan.js" />
      <jump line="236" column="2" filename="$USER_HOME$/Developer/summer/server/src/utils/loan.js" />
      <jump line="21" column="47" filename="$USER_HOME$/Developer/summer/server/package.json" />
      <jump line="9" column="2" filename="$USER_HOME$/Developer/summer/server/package.json" />
      <jump line="158" column="0" filename="$USER_HOME$/Developer/summer/server/package.json" />
      <jump line="155" column="4" filename="$USER_HOME$/Developer/summer/server/package.json" />
      <jump line="130" column="4" filename="$USER_HOME$/Developer/summer/server/package.json" />
      <jump line="144" column="8" filename="$USER_HOME$/Developer/summer/server/package.json" />
      <jump line="154" column="26" filename="$USER_HOME$/Developer/summer/server/package.json" />
      <jump line="137" column="8" filename="$USER_HOME$/Developer/summer/server/package.json" />
      <jump line="129" column="10" filename="$USER_HOME$/Developer/summer/server/package.json" />
      <jump line="131" column="5" filename="$USER_HOME$/Developer/summer/server/package.json" />
      <jump line="18" column="38" filename="$USER_HOME$/Developer/summer/server/package.json" />
      <jump line="16" column="22" filename="$USER_HOME$/Developer/summer/server/package.json" />
      <jump line="8" column="5" filename="$USER_HOME$/Developer/summer/server/package.json" />
      <jump line="127" column="22" filename="$USER_HOME$/Developer/summer/server/package.json" />
      <jump line="121" column="19" filename="$USER_HOME$/Developer/summer/server/package.json" />
      <jump line="109" column="12" filename="$USER_HOME$/Developer/summer/server/package.json" />
      <jump line="98" column="7" filename="$USER_HOME$/Developer/summer/server/package.json" />
      <jump line="23" column="33" filename="$USER_HOME$/Developer/summer/server/package.json" />
      <jump line="15" column="26" filename="$USER_HOME$/Developer/summer/server/package.json" />
      <jump line="14" column="19" filename="$USER_HOME$/Developer/summer/server/package.json" />
      <jump line="196" column="6" filename="$USER_HOME$/Developer/summer/server/src/utils/nslds.js" />
      <jump line="38" column="0" filename="$USER_HOME$/Developer/summer/server/__tests__/integration/files.js" />
      <jump line="0" column="0" filename="$USER_HOME$/Developer/summer/server/__tests__/integration/files.js" />
      <jump line="67" column="10" filename="$USER_HOME$/Developer/summer/server/__tests__/integration/IDR.js" />
      <jump line="73" column="4" filename="$USER_HOME$/Developer/summer/server/__tests__/integration/files.js" />
      <jump line="18" column="2" filename="$USER_HOME$/Developer/summer/server/src/config/s3.js" />
      <jump line="148" column="32" filename="$USER_HOME$/Developer/summer/server/__tests__/integration/IDR.js" />
      <jump line="0" column="0" filename="$USER_HOME$/Developer/summer/server/__tests__/matchers/schema.js" />
      <jump line="20" column="12" filename="$USER_HOME$/Developer/summer/client/src/components/pages/auth/VerifyAccount.js" />
      <jump line="41" column="16" filename="$USER_HOME$/Developer/summer/client/src/components/pages/auth/VerifyAccount.js" />
      <jump line="311" column="40" filename="$USER_HOME$/Developer/summer/server/__tests__/integration/auth.js" />
      <jump line="358" column="23" filename="$USER_HOME$/Developer/summer/server/__tests__/integration/auth.js" />
      <jump line="381" column="6" filename="$USER_HOME$/Developer/summer/server/__tests__/integration/auth.js" />
      <jump line="395" column="0" filename="$USER_HOME$/Developer/summer/server/__tests__/integration/auth.js" />
      <jump line="24" column="37" filename="$USER_HOME$/Developer/summer/server/src/python/main.py" />
      <jump line="25" column="39" filename="$USER_HOME$/Developer/summer/server/src/python/main.py" />
      <jump line="39" column="29" filename="$USER_HOME$/Developer/summer/server/src/python/main.py" />
      <jump line="7" column="26" filename="$USER_HOME$/Developer/summer/server/src/python/idr/repayment.py" />
      <jump line="15" column="22" filename="$USER_HOME$/Developer/summer/server/src/python/idr/repayment.py" />
      <jump line="6" column="26" filename="$USER_HOME$/Developer/summer/server/src/python/main.py" />
      <jump line="74" column="46" filename="$USER_HOME$/Developer/summer/server/src/utils/idr/plan.js" />
    </jumps>
    <registers>
      <register name="&quot;" type="4">
        <text>}</text>
      </register>
      <register name="-" type="4">
        <text>}</text>
      </register>
      <register name="/" type="4">
        <text encoding="base64">XDxub2RlXD4=</text>
      </register>
      <register name="0" type="2">
        <text encoding="base64">ICAgIGV4cGVjdChpZHJCZWZvcmVVcGRhdGUudXNlclNpZ25lZCkudG9CZUZhbHN5KCk7CiAgICBleHBlY3QoaWRyQmVmb3JlVXBkYXRlLnNwb3VzZVNpZ25lZCkudG9CZUZhbHN5KCk7Cgo=</text>
      </register>
      <register name="1" type="4">
        <text encoding="base64">ewogICAgICByZXR1cm4gcGxhbi5udW1QYXltZW50cyA+IDA7CiAgICB9</text>
      </register>
      <register name="2" type="2">
        <text encoding="base64">ICAgIGNvbnNvbGUubG9nKCdVU0VSJywgdXNlcik7Cg==</text>
      </register>
      <register name="3" type="2">
        <text encoding="base64">Cg==</text>
      </register>
      <register name="4" type="2">
        <text encoding="base64">Cg==</text>
      </register>
      <register name="5" type="4">
        <text encoding="base64">ICAgIHVzZXIuaW5jb21lID0gdXNlci5pbmNvbWUgfHwgMDsKICAgIHVzZXIuam9pbnRJbmNvbWUgPSB1c2VyLmpvaW50SW5jb21lIHx8IDA7CiAgICB1c2VyLnNwb3VzZUluY29tZSA9IHVzZXIuc3BvdXNlSW5jb21lIHx8IDA7</text>
      </register>
      <register name="6" type="2">
        <text encoding="base64">ICAgIGNvbnNvbGUubG9nKCdQTEFOUycsIHBsYW5zKTsK</text>
      </register>
      <register name="7" type="2">
        <text encoding="base64">Cg==</text>
      </register>
      <register name="8" type="2">
        <text encoding="base64">ICAgICAgICBSYXZlbi5jYXB0dXJlTWVzc2FnZShgW0lEUiBQeXRob24gUHJvY2Vzc10gJHtlfWApOwo=</text>
      </register>
      <register name="9" type="2">
        <text encoding="base64">ICogQHBhcmFtIHBsYW5zCiAqIEByZXR1cm5zIHtzdHJpbmdbXX0K</text>
      </register>
      <register name=":" type="4">
        <text>source ~/.ideavimrc</text>
      </register>
    </registers>
    <search>
      <last-search encoding="base64">XDxub2RlXD4=</last-search>
      <last-offset />
      <last-pattern encoding="base64">XDxub2RlXD4=</last-pattern>
      <last-dir>-1</last-dir>
      <show-last>false</show-last>
    </search>
    <history>
      <history-search>
        <entry encoding="base64">XDxyZWNvbW1lbmRlZFBsYW5zXD4=</entry>
        <entry>const</entry>
        <entry>repaye</entry>
        <entry encoding="base64">XDxdXD4=</entry>
        <entry encoding="base64">XDxzdGFnZWRcPg==</entry>
        <entry encoding="base64">XDxub2RlbW9uXD4=</entry>
        <entry encoding="base64">XDxub2RlXD4=</entry>
      </history-search>
      <history-cmd>
        <entry>source ~/.ideavimrc</entry>
      </history-cmd>
      <history-expr />
      <history-input />
    </history>
    <shortcut-conflicts>
      <shortcut-conflict owner="vim">
        <text>ctrl pressed D</text>
      </shortcut-conflict>
      <shortcut-conflict owner="vim">
        <text>ctrl pressed E</text>
      </shortcut-conflict>
      <shortcut-conflict owner="vim">
        <text>ctrl pressed R</text>
      </shortcut-conflict>
      <shortcut-conflict owner="vim">
        <text>ctrl pressed 2</text>
      </shortcut-conflict>
    </shortcut-conflicts>
    <editor>
      <key-repeat enabled="false" />
    </editor>
  </component>
</application>